Date,Open,High,Low,Close,Volume
2023-10-05,89.65,90.1,88.5,88.65,9372979
2023-10-06,89.6,90.3,88.7,88.85,12869247
2023-10-09,88.0,88.25,86.0,86.35,12795052
2023-10-10,86.9,89.1,86.5,88.8,12762654
2023-10-11,89.2,89.65,88.4,88.6,15503178
2023-10-12,89.25,90.45,88.9,89.35,12154040
2023-10-13,88.75,89.85,88.2,88.9,11546230
2023-10-16,89.0,89.5,88.4,89.2,10487993
2023-10-17,89.7,90.6,89.25,89.5,10121691
2023-10-18,89.6,90.4,87.45,87.75,15854654
2023-10-19,87.35,88.7,86.8,88.5,8686749
2023-10-20,87.95,88.85,86.55,86.9,11025391
2023-10-23,86.7,86.85,83.0,83.35,16394075
2023-10-25,84.0,85.35,83.1,84.15,14344290
2023-10-26,83.5,83.7,81.8,83.25,11702863
2023-10-27,84.0,84.5,83.4,83.95,7823423
2023-10-30,84.45,84.65,83.4,83.85,10725366
2023-10-31,84.45,84.95,83.7,83.85,9635615
2023-11-01,84.0,84.15,82.6,82.9,6612710
2023-11-02,83.9,85.4,83.35,85.05,11759902
2023-11-03,85.8,85.85,84.6,84.9,7685817
2023-11-06,86.0,87.5,85.25,86.85,11705948
2023-11-07,85.95,86.0,84.4,85.3,17638494
2023-11-08,85.7,86.55,84.95,85.95,18334392
2023-11-09,86.1,87.5,86.0,87.15,14898986
2023-11-10,87.15,88.65,86.6,88.1,14776717
2023-11-12,90.2,90.2,88.1,89.5,12720021
2023-11-13,89.3,89.65,87.55,88.2,20080996
2023-11-15,89.45,89.75,88.25,88.4,16145878
2023-11-16,88.65,88.75,87.8,88.0,9828235
2023-11-17,88.4,89.55,88.1,89.3,15173874
2023-11-20,89.7,91.5,89.55,90.35,30213668
2023-11-21,90.85,91.5,90.5,90.65,13384773
2023-11-22,91.0,91.0,88.75,89.25,11701214
2023-11-23,89.5,90.3,88.15,89.85,13092010
2023-11-24,89.6,90.65,89.0,89.2,9598262
2023-11-28,89.55,91.4,89.4,90.95,19252753
2023-11-29,91.5,92.2,90.9,91.2,22993584
2023-11-30,91.5,92.5,90.65,92.3,26327767
2023-12-01,93.0,94.2,92.2,93.15,28208739
2023-12-04,94.95,95.5,93.8,94.0,30750546
2023-12-05,94.1,96.85,93.4,95.75,34837108
2023-12-06,96.6,101.1,95.5,99.35,74817529
2023-12-07,99.8,100.35,98.15,98.95,22413672
2023-12-08,99.15,100.35,96.3,98.1,25014086
2023-12-11,98.1,100.95,97.75,100.8,29721883
2023-12-12,101.2,102.5,99.0,100.0,40788275
2023-12-13,100.7,103.65,100.55,103.25,42797594
2023-12-14,105.1,112.25,105.1,110.95,177834487
2023-12-15,111.25,113.35,109.4,111.45,69403738
2023-12-18,112.0,117.15,110.75,115.45,78649010
2023-12-19,115.45,116.55,110.2,111.05,35413677
2023-12-20,112.35,112.95,102.65,103.7,41617472
2023-12-21,103.85,109.9,102.15,109.0,52112170
2023-12-22,110.5,113.5,109.5,112.75,56223938
2023-12-26,113.65,114.9,111.3,113.55,37093574
2023-12-27,115.15,118.2,115.0,115.45,87756029
2023-12-28,116.4,123.85,116.1,122.85,112886813
2023-12-29,123.3,125.75,120.85,123.65,65438649
2024-01-01,123.65,126.9,122.65,124.7,37525817
2024-01-02,124.65,124.65,120.25,123.0,38718627
2024-01-03,122.4,122.7,118.7,119.1,30459539
2024-01-04,119.25,120.7,118.25,118.65,21439561
2024-01-05,119.5,120.75,115.7,116.95,22784093
2024-01-08,117.1,117.6,114.0,114.3,21830246
2024-01-09,115.2,116.6,113.75,114.2,16993314
2024-01-10,114.0,115.65,112.2,115.05,20963866
2024-01-11,115.95,116.55,113.0,113.5,16565652
2024-01-12,114.0,116.35,113.65,114.9,19498240
2024-01-15,116.0,116.3,113.8,114.65,16054366
2024-01-16,115.05,119.95,114.0,119.55,63560474
2024-01-17,117.85,117.85,112.5,113.1,59898451
2024-01-18,113.1,114.05,107.5,113.05,39166751
2024-01-19,114.3,114.85,113.5,114.1,14431734
2024-01-20,115.0,116.0,113.65,114.9,14813493
2024-01-23,114.9,114.9,108.0,108.8,29014770
2024-01-24,109.85,115.5,109.0,115.05,37267385
2024-01-25,115.9,119.95,114.0,119.1,62850007
2024-01-29,120.5,121.65,118.0,120.45,45734036
2024-01-30,121.7,124.85,120.65,121.2,54176726
2024-01-31,121.5,124.3,120.7,122.5,28514173
2024-02-01,123.5,123.5,118.7,119.3,23393545
2024-02-02,120.5,129.65,119.8,128.3,115557246
2024-02-05,130.0,138.4,130.0,135.3,130644925
2024-02-06,137.25,146.7,133.8,145.5,121450085
2024-02-07,148.4,150.0,142.65,143.45,100793018
2024-02-08,144.25,145.9,138.0,139.05,34821242
2024-02-09,139.25,139.6,129.45,133.65,53110476
2024-02-12,134.25,136.0,121.0,122.75,54452795
2024-02-13,120.05,121.65,116.3,117.85,65167883
2024-02-14,117.1,123.7,116.0,122.95,44986596
2024-02-15,124.0,126.9,123.25,125.75,41215523
2024-02-16,127.1,131.4,127.0,127.45,52165364
2024-02-19,128.6,130.4,125.8,128.3,29556961
2024-02-20,129.0,131.4,126.3,130.35,35081976
2024-02-21,130.65,134.2,129.0,130.2,78653013
2024-02-22,131.5,132.2,125.65,129.3,59343469
2024-02-23,130.4,131.3,127.1,128.0,23535334
2024-02-26,128.0,128.0,123.75,124.2,23550719
2024-02-27,124.5,126.3,124.2,125.35,17548565
2024-02-28,125.5,126.7,121.15,121.75,22958071
2024-02-29,121.35,123.8,120.45,121.2,48476583
2024-03-01,123.0,135.75,123.0,133.0,140528760
2024-03-02,133.55,138.5,133.15,137.65,22427573
2024-03-04,138.2,145.0,133.0,141.65,122158785
2024-03-05,141.3,142.65,138.75,140.25,46101452
2024-03-06,139.8,142.0,133.2,139.05,60977883
2024-03-07,139.5,143.25,138.35,138.95,69331029
2024-03-11,139.75,140.6,133.5,134.3,36011903
2024-03-12,134.55,135.3,128.5,129.75,33809481
2024-03-13,130.0,130.45,117.35,118.7,54001247
2024-03-14,119.1,123.5,118.6,121.5,34792279
2024-03-15,121.1,124.4,118.55,121.7,38312218
2024-03-18,122.0,126.6,121.45,125.95,31290052
2024-03-19,126.75,127.5,122.05,122.55,26647871
2024-03-20,123.6,125.6,120.05,123.65,23242684
2024-03-21,127.35,132.1,127.0,129.0,82318813
2024-03-22,127.9,132.1,126.2,130.0,35650313
2024-03-26,129.0,132.5,128.35,130.6,27547560
2024-03-27,131.0,134.9,131.0,133.65,34505131
2024-03-28,134.8,136.7,133.15,134.25,32144564
2024-04-01,135.6,141.2,135.6,140.75,44340181
2024-04-02,140.75,150.65,139.55,147.85,109998430
2024-04-03,147.0,153.3,146.25,148.2,84535270
2024-04-04,149.7,150.0,143.75,145.95,39242074
2024-04-05,144.9,147.5,143.0,146.2,27927587
2024-04-08,147.3,148.4,145.3,146.3,17159687
2024-04-09,146.95,153.45,144.8,151.35,73641695
2024-04-10,153.0,155.5,152.55,153.05,60992105
2024-04-12,153.15,156.6,151.5,155.35,73596074
2024-04-15,152.9,157.4,146.5,151.05,89754583
2024-04-16,149.5,152.45,148.4,149.3,30401301
2024-04-18,150.0,151.6,144.0,144.8,31187482
2024-04-19,142.9,147.5,140.8,146.05,34742999
2024-04-22,148.25,151.1,147.1,148.4,27095176
2024-04-23,149.7,152.95,148.4,152.25,39973475
2024-04-24,153.1,165.95,151.55,164.65,176471110
2024-04-25,164.8,167.25,162.3,164.95,59808767
2024-04-26,165.4,170.5,163.65,168.55,91168616
2024-04-29,169.9,170.2,164.35,164.8,30478737
2024-04-30,165.8,168.7,163.05,164.2,40651688
2024-05-02,165.4,168.25,163.6,165.45,44264557
2024-05-03,167.1,170.95,164.6,167.95,71734933
2024-05-06,168.5,168.85,158.3,162.9,44387249
2024-05-07,163.0,163.0,155.25,156.15,33767901
2024-05-08,156.0,161.9,155.1,160.35,26121298
2024-05-09,161.0,161.25,152.1,153.05,20993230
2024-05-10,154.95,157.95,151.7,156.9,18485806
2024-05-13,157.35,157.85,151.0,157.05,20953744
2024-05-14,158.0,166.65,158.0,164.65,39072871
2024-05-15,165.0,168.7,165.0,166.4,24990811
2024-05-16,168.45,168.75,161.6,163.6,20715081
2024-05-17,164.0,169.0,164.0,166.9,24968544
2024-05-18,167.85,171.6,167.5,169.15,15633013
2024-05-21,170.15,175.1,166.45,174.35,66484390
2024-05-22,175.0,175.35,167.1,169.05,53954827
2024-05-23,168.75,169.95,166.5,169.3,24560357
2024-05-24,167.4,172.5,167.4,169.5,29513626
2024-05-27,170.5,171.3,166.0,166.65,22933660
2024-05-28,167.5,169.2,161.55,162.4,26336009
2024-05-29,162.2,165.7,160.6,162.4,22527881
2024-05-30,161.5,162.25,156.7,157.75,19706386
2024-05-31,160.0,161.25,156.75,158.5,23260857
2024-06-03,168.0,168.0,163.15,166.35,33154820
2024-06-04,164.9,164.9,124.8,133.05,114541715
2024-06-05,138.7,147.45,128.05,145.55,61202268
2024-06-06,145.0,151.8,144.3,146.9,57006811
2024-06-07,146.95,153.85,145.6,152.75,41207266
2024-06-10,152.6,153.0,150.05,150.6,23373558
2024-06-11,151.12,153.0,149.5,151.01,20500708
2024-06-12,151.3,152.65,150.55,151.01,19275571
2024-06-13,151.8,152.52,149.0,149.63,17125245
2024-06-14,149.7,153.9,147.76,153.63,30233323
2024-06-18,154.39,155.14,152.5,153.41,18708072
2024-06-19,154.05,154.05,149.5,149.95,18855153
2024-06-20,150.5,154.3,150.5,154.03,28456396
2024-06-21,154.6,159.3,153.91,155.44,69503068
2024-06-24,152.91,152.91,148.5,149.85,40874886
2024-06-25,150.8,151.42,146.1,147.01,25039730
2024-06-26,147.45,147.59,143.6,143.97,31444537
2024-06-27,144.7,146.95,137.2,142.88,57711655
2024-06-28,144.0,151.25,143.81,148.65,72583869
2024-07-01,149.9,150.45,147.72,149.06,25711956
2024-07-02,149.6,149.88,145.4,146.68,24720763
2024-07-03,147.65,152.0,146.36,151.62,34424841
2024-07-04,153.0,153.61,150.66,151.05,29926272
2024-07-05,151.4,158.75,149.85,155.61,62621310
2024-07-08,156.5,158.0,154.21,156.48,33290711
2024-07-09,157.3,158.22,155.19,155.99,21076732
2024-07-10,156.2,156.3,146.35,150.87,39898433
2024-07-11,151.85,153.15,150.59,151.85,30388365
2024-07-12,152.55,153.33,149.17,150.42,16353263
2024-07-15,151.0,153.2,148.8,152.03,43598260
2024-07-16,152.5,153.95,150.6,150.99,17044483
2024-07-18,150.8,150.8,146.7,147.89,24504144
2024-07-19,147.45,147.45,140.83,141.82,34312977
2024-07-22,141.4,143.6,138.22,143.28,23158599
2024-07-23,143.9,144.59,135.3,141.39,25864567
2024-07-24,141.5,147.6,141.39,146.99,31951790
2024-07-25,144.9,144.9,141.41,142.59,31653400
2024-07-26,145.0,147.98,143.84,147.39,25911057
2024-07-29,149.14,150.0,146.8,147.74,15136406
2024-07-30,147.47,149.61,146.3,148.1,12316097
2024-07-31,149.5,154.01,147.66,153.04,35735761
2024-08-01,154.05,156.35,149.03,150.03,37281190
2024-08-02,147.73,148.18,145.1,146.23,29660329
2024-08-05,141.0,142.0,135.0,136.62,49706240
2024-08-06,139.29,141.5,134.68,135.46,23211408
2024-08-07,139.8,142.85,137.21,141.63,22300426
2024-08-08,141.3,141.3,136.5,137.45,25849915
2024-08-09,136.0,137.16,128.89,129.35,76287884
2024-08-12,129.25,132.95,127.1,131.7,33401039
2024-08-13,132.2,132.5,127.72,128.14,16376718
2024-08-14,129.05,129.5,125.0,125.23,22221242
2024-08-16,127.77,128.68,126.6,128.28,15743875
2024-08-19,130.0,131.65,129.25,131.32,14677989
2024-08-20,132.49,133.45,130.81,133.15,16842938
2024-08-21,133.3,135.34,132.45,135.04,14879021
2024-08-22,135.17,135.39,133.27,133.88,17039181
2024-08-23,133.9,135.03,131.5,131.79,14050547
2024-08-26,133.39,138.78,132.4,137.75,32800586
2024-08-27,137.75,138.25,135.6,135.9,12380923
2024-08-28,135.9,136.4,133.35,134.04,11414976
2024-08-29,133.9,135.0,131.85,134.25,12348963
2024-08-30,134.59,136.05,133.35,133.69,13016284
2024-09-02,133.86,134.14,131.71,133.17,12601742
2024-09-03,132.51,133.6,131.26,131.78,10986546
2024-09-04,129.0,131.84,128.7,130.46,18956457
2024-09-05,130.55,132.3,130.46,131.22,8679395
2024-09-06,131.4,131.95,128.3,129.38,17177552
2024-09-09,128.9,129.35,126.11,127.91,19613019
2024-09-10,128.0,131.05,127.91,129.14,12603493
2024-09-11,129.08,129.99,126.29,126.97,13139629
2024-09-12,129.5,131.07,126.9,130.69,19264974
2024-09-13,131.5,134.39,131.42,132.2,20166379
2024-09-16,133.0,134.08,131.75,133.04,13553090
2024-09-17,132.76,133.0,130.5,131.93,10754987
2024-09-18,131.65,131.89,128.65,129.65,10725965
2024-09-19,130.5,130.99,123.8,126.54,25229973
2024-09-20,127.25,128.29,125.41,126.28,13885160
2024-09-23,126.5,130.0,126.5,129.68,13387033
2024-09-24,131.5,135.07,131.29,133.88,41641928
2024-09-25,135.0,137.15,134.0,134.23,35498522
2024-09-26,135.0,139.59,132.3,139.2,49823297
2024-09-27,140.0,144.2,139.66,140.54,37975068
2024-09-30,141.4,143.94,140.35,141.36,38187620
2024-10-01,141.39,142.12,137.89,141.03,24528692
2024-10-03,138.55,141.65,136.15,137.03,35238490
2024-10-04,136.55,140.6,134.14,139.01,31936926
2024-10-07,139.97,140.52,130.72,132.19,28331416
2024-10-08,130.6,133.62,127.84,131.37,40037615
2024-10-09,131.4,133.32,129.86,130.33,14125865
2024-10-10,131.0,132.95,129.62,129.97,12920873
2024-10-11,130.2,135.12,129.97,134.03,22981754
2024-10-14,135.8,137.33,133.66,134.33,16794560
2024-10-15,134.33,134.9,130.5,130.94,11128839
2024-10-16,130.2,131.65,129.08,129.92,13606967
2024-10-17,130.9,130.99,127.55,127.83,15490412
2024-10-18,126.5,130.59,125.42,129.03,26363209
2024-10-21,130.21,131.19,126.03,126.46,15437195
2024-10-22,126.6,127.38,120.65,121.8,22167864
2024-10-23,120.5,122.64,116.3,118.13,37778891
2024-10-24,118.7,118.89,116.7,117.13,16209896
2024-10-25,117.13,118.01,110.4,111.48,30812614
2024-10-28,112.36,115.87,111.2,114.67,19503346
2024-10-29,114.88,116.2,112.73,115.71,14707069
2024-10-30,115.05,117.59,113.6,116.03,16236280
2024-10-31,116.2,117.7,114.36,115.75,15887511
2024-11-01,116.52,118.8,116.36,117.75,4260519
2024-11-04,118.0,118.23,112.6,113.9,21792990
2024-11-05,113.75,118.79,113.75,118.53,25938942
2024-11-06,120.0,124.25,117.46,123.89,30950696
2024-11-07,124.0,126.85,122.58,123.36,28078071
2024-11-08,120.5,121.01,114.88,118.21,47743659
2024-11-11,117.8,119.2,115.5,115.89,18118474
2024-11-12,116.0,117.4,113.66,114.17,14476729
2024-11-13,113.1,114.49,111.0,111.69,24360081
2024-11-14,111.69,114.38,111.43,111.84,15061567
2024-11-18,112.2,115.11,111.26,112.77,17936991
2024-11-19,113.15,114.45,111.08,111.45,11670566
2024-11-21,111.5,112.2,108.65,110.59,19630086
2024-11-22,110.7,113.64,110.4,112.83,12858702
2024-11-25,115.0,115.85,113.85,114.09,13170183
2024-11-26,114.2,116.44,113.88,115.83,12229850
2024-11-27,115.56,117.07,114.51,116.26,13214253
2024-11-28,116.26,117.32,115.21,116.28,13714391
2024-11-29,116.5,118.1,115.8,117.11,11464692
2024-12-02,116.5,119.42,115.86,119.08,13161154
2024-12-03,119.2,123.18,119.2,122.79,24051522
2024-12-04,123.0,123.54,121.09,122.17,19645095
2024-12-05,122.51,123.65,121.12,122.47,20205297
2024-12-06,122.47,125.12,122.07,123.89,17105118
2024-12-09,124.0,126.52,122.61,126.13,22928606
2024-12-10,127.0,128.5,126.25,126.81,19581439
2024-12-11,126.65,128.71,126.04,126.95,10668920
2024-12-12,126.92,130.09,125.53,129.26,31966205
2024-12-13,128.61,128.75,121.84,124.76,39292810
2024-12-16,124.56,124.85,123.05,123.61,8419719
2024-12-17,122.8,124.45,120.25,121.11,9982096
2024-12-18,122.0,122.4,117.9,119.81,15624814
2024-12-19,117.13,119.81,116.5,118.91,12028931
2024-12-20,118.15,120.86,115.2,116.1,17911163
2024-12-23,117.0,121.61,116.99,121.19,24706531
2024-12-24,120.45,121.19,118.15,119.06,17000879
2024-12-26,118.51,119.4,116.26,117.59,15502315
2024-12-27,117.47,118.49,115.27,115.53,7502006
2024-12-30,115.5,115.51,111.0,111.73,14270907
2024-12-31,111.73,113.65,111.31,113.13,8967876
2025-01-01,112.52,113.33,112.15,112.93,7512039
2025-01-02,112.93,114.35,112.03,114.07,7663473
2025-01-03,113.9,115.9,113.5,114.17,9466354
2025-01-06,114.1,114.55,110.0,110.42,17656887
2025-01-07,110.42,112.25,110.42,111.47,7161545
2025-01-08,111.2,111.45,109.05,109.76,15060506
2025-01-09,110.1,110.63,108.05,108.26,11144353
2025-01-10,108.26,109.1,104.8,106.03,18718493
2025-01-13,104.9,105.5,99.66,100.09,21293325
2025-01-14,101.69,106.34,101.32,105.88,19913009
2025-01-15,106.3,107.74,104.4,105.21,10322196
2025-01-16,106.5,108.39,105.93,107.52,10971452
2025-01-17,107.1,109.45,106.93,108.82,9191948
2025-01-20,109.0,110.25,107.73,109.87,11548609
2025-01-21,110.0,111.57,108.2,109.88,17016648
2025-01-22,109.51,110.4,104.77,107.1,12682214
2025-01-23,106.58,109.85,106.5,109.14,7849758
2025-01-24,109.0,110.8,107.58,108.17,11993883
2025-01-27,106.75,106.95,102.86,103.43,14423517
2025-01-28,105.0,105.0,101.2,102.84,12819834
2025-01-29,103.0,105.17,103.0,104.36,10829311
2025-01-30,104.5,106.6,104.1,105.45,11418706
2025-01-31,105.58,108.19,103.96,107.43,15726923
2025-02-01,107.69,108.3,104.4,106.53,12068981
2025-02-03,104.0,104.31,100.3,102.27,16535047
2025-02-04,104.0,107.27,103.7,106.68,14409187
2025-02-05,106.68,109.65,106.68,108.84,12920395
2025-02-06,109.0,109.66,107.19,107.98,8883930
2025-02-07,108.05,111.3,107.46,110.32,22943084
2025-02-10,109.05,109.5,104.81,105.18,14604374
2025-02-11,105.19,105.35,99.5,100.02,19394967
2025-02-12,100.1,106.07,99.15,105.75,49570655
2025-02-13,105.38,111.3,104.95,109.33,36029038
2025-02-14,110.1,113.2,104.43,105.71,32127888
2025-02-17,104.4,105.8,102.57,105.33,14572452
2025-02-18,104.79,105.75,102.0,104.39,13096291
2025-02-19,103.41,107.19,103.35,106.53,10954930
2025-02-20,106.0,110.45,105.55,109.84,13193348
2025-02-21,109.3,115.16,108.75,112.76,44746596
2025-02-24,111.1,112.17,107.65,108.21,24208995
2025-02-25,108.11,109.49,105.8,106.17,18825311
2025-02-27,106.2,107.98,104.67,105.98,18631329
2025-02-28,104.75,105.5,101.6,105.02,27074952
2025-03-03,105.3,107.3,102.73,106.36,23398877
2025-03-04,104.58,108.8,104.06,107.66,25741726
2025-03-05,107.5,112.9,107.5,112.53,39444472
2025-03-06,113.5,114.9,110.9,111.97,34685528
2025-03-07,111.5,112.91,110.2,110.91,21834195
2025-03-10,110.9,112.66,106.8,107.27,24250223
2025-03-11,105.5,108.82,104.6,108.13,32428743
2025-03-12,108.45,108.89,104.85,106.66,23131611
2025-03-13,107.19,109.68,105.53,105.89,24988240
2025-03-17,106.65,107.33,105.05,106.14,15750246
2025-03-18,106.76,109.2,106.76,108.91,17364444
2025-03-19,113.5,114.4,110.61,113.23,47657793
2025-03-20,114.05,114.95,111.63,113.96,23249893
2025-03-21,114.0,115.89,113.45,115.3,25675545
2025-03-24,116.1,118.63,116.05,117.24,27623276
2025-03-25,117.85,117.85,114.1,114.7,19985177
2025-03-26,114.7,116.0,113.0,113.29,15470453
2025-03-27,112.8,115.1,112.7,113.88,14168313
2025-03-28,113.9,116.15,113.6,115.18,23556805
2025-04-01,114.35,117.45,113.42,116.88,15958627
2025-04-02,116.88,119.2,114.25,118.7,21075705
2025-04-03,117.3,119.63,116.84,118.54,14441562
2025-04-04,117.58,117.93,112.01,112.6,33987192
2025-04-07,101.34,106.14,101.34,104.63,28546459
2025-04-08,107.45,108.14,102.75,104.83,21280686
2025-04-09,104.0,105.4,101.13,104.97,20223188
2025-04-11,107.84,110.2,107.0,108.34,20467580
2025-04-15,110.21,113.72,109.66,113.25,18332836
2025-04-16,113.0,116.28,111.9,115.3,20145548
2025-04-17,114.5,115.84,113.05,113.96,18855830
2025-04-21,113.96,117.15,112.8,115.99,17894053
2025-04-22,118.34,118.99,115.45,115.98,24367181
2025-04-23,116.86,117.35,114.39,116.76,15425789
2025-04-24,116.51,118.54,116.2,118.03,17054911
2025-04-25,118.6,120.35,113.39,114.81,24605025
2025-04-28,115.0,117.79,114.43,116.77,10864579
2025-04-29,116.75,118.3,115.0,115.28,12258150
2025-04-30,114.99,115.75,112.86,113.71,10657286
2025-05-02,113.7,116.89,112.31,113.22,14262731
2025-05-05,114.0,115.43,113.12,114.79,9968201
2025-05-06,114.6,115.8,111.12,111.57,13544063
2025-05-07,109.97,114.14,109.73,113.68,14213232
2025-05-08,114.0,114.8,108.44,109.24,13057983
2025-05-09,107.0,109.32,106.25,109.01,13531998
2025-05-12,112.77,118.45,112.4,118.24,25419079
2025-05-13,118.24,119.1,115.74,116.0,12595012
2025-05-14,117.0,122.99,116.58,122.68,37164569
2025-05-15,122.99,123.65,121.66,122.7,15860870
2025-05-16,122.6,123.54,121.56,122.48,12476432
2025-05-19,122.48,123.45,120.74,122.11,9899831
2025-05-20,122.9,125.39,122.18,122.52,29030789
2025-05-21,122.85,125.2,122.33,124.88,19286268
2025-05-22,124.0,126.75,123.5,125.74,18239762
2025-05-23,125.75,126.79,125.35,125.92,11048639
2025-05-26,126.2,128.6,125.81,127.79,31013556
2025-05-27,127.7,129.4,126.92,128.58,15363838
2025-05-28,128.41,130.1,127.25,128.96,22610477
2025-05-29,131.75,131.8,128.8,129.96,38518032
2025-05-30,130.05,130.7,128.8,129.18,11118329
2025-06-02,127.0,131.51,126.43,130.69,20767930
2025-06-03,130.79,133.08,129.71,130.21,19565087
2025-06-04,130.64,132.15,129.65,131.83,12424794
2025-06-05,132.0,134.0,131.74,133.11,19181280
2025-06-06,133.46,135.3,132.41,135.04,15594995
2025-06-09,135.2,135.98,133.55,133.83,7300478
2025-06-10,134.1,135.15,132.66,132.93,8767278
2025-06-11,133.62,134.25,132.61,133.15,9131936
2025-06-12,133.0,133.67,129.71,129.97,11774457
2025-06-13,126.55,129.95,126.55,129.35,7902097
2025-06-16,129.0,129.83,126.81,128.92,5962115
2025-06-17,128.92,129.9,126.3,126.91,7876518
2025-06-18,126.74,127.34,125.41,127.03,11736141
2025-06-19,127.0,127.32,123.85,125.15,10943647
2025-06-20,124.75,127.89,124.75,127.48,11077270
2025-06-23,126.19,128.38,125.87,126.6,7077385
2025-06-24,128.05,132.85,128.05,130.74,20598542
2025-06-25,131.39,131.64,128.1,128.26,10836397
2025-06-26,128.9,134.0,128.52,133.62,24148009
2025-06-27,134.5,136.34,131.41,131.7,17864360
2025-06-30,132.34,132.75,131.22,131.99,7106194
2025-07-01,132.01,133.78,130.05,133.34,13302468
2025-07-02,133.35,138.0,133.17,137.48,28463371
2025-07-03,137.9,139.98,136.01,136.5,24871213
2025-07-04,135.82,136.75,133.71,134.72,7161066
2025-07-07,133.76,134.35,132.34,133.47,5328237
2025-07-08,133.0,135.33,132.87,135.05,10080296
2025-07-09,135.0,135.1,131.0,133.88,12982603
2025-07-10,133.5,135.3,133.5,134.78,6746836
2025-07-11,134.2,136.8,133.48,134.33,9655575
2025-07-14,133.6,135.57,133.0,134.19,5395689
2025-07-15,133.81,135.13,132.58,134.88,5597256
2025-07-16,133.86,134.69,132.5,133.58,7525790
2025-07-17,134.0,134.69,132.72,133.6,6104260
2025-07-18,133.46,136.75,133.41,136.45,10612550
2025-07-21,137.0,138.75,135.89,136.94,10205739
2025-07-22,136.99,138.71,135.5,135.99,13371025
2025-07-23,136.6,136.6,133.9,134.79,8607725
2025-07-24,134.8,137.2,134.78,136.17,9764563
2025-07-25,135.88,135.93,130.08,130.67,15803965
2025-07-28,128.6,128.61,124.13,125.59,34768336
2025-07-29,124.99,126.75,123.3,126.01,14642340
2025-07-30,126.0,126.58,123.87,124.16,8402184
2025-07-31,123.0,124.65,122.52,124.2,13387143
2025-08-01,123.82,124.48,119.75,120.12,13111620
2025-08-04,120.66,125.8,120.36,125.48,13578202
2025-08-05,125.0,125.88,123.23,125.16,9405308
2025-08-06,124.89,125.21,122.5,123.45,9465399
2025-08-07,122.51,123.87,120.5,123.36,10677634
2025-08-08,123.0,123.78,120.7,121.07,6142679
2025-08-11,121.07,121.93,119.9,121.67,9091136
2025-08-12,121.4,123.49,121.31,122.19,6594879
2025-08-13,122.5,124.64,122.15,124.05,12017599
2025-08-14,124.2,124.35,120.2,120.37,7879264
2025-08-18,122.8,124.0,121.51,122.44,8711845
2025-08-19,122.56,123.73,122.15,122.98,4611886
2025-08-20,122.7,125.83,122.0,124.09,12009594
2025-08-21,124.1,125.27,123.05,123.25,4254584
2025-08-22,123.23,123.25,121.42,121.93,5155189
2025-08-25,122.66,123.6,122.23,122.84,2959928
2025-08-26,122.21,122.4,119.0,119.94,7276847
2025-08-28,119.87,120.0,118.1,119.25,7776953
2025-08-29,119.52,120.25,118.2,118.66,5165884
2025-09-01,119.16,121.4,118.5,121.09,4676092
2025-09-02,121.5,124.69,120.81,123.09,8200047
2025-09-03,123.85,130.0,123.56,129.68,26783470
2025-09-04,130.0,130.21,127.22,127.57,7801378
2025-09-05,127.8,129.6,126.71,129.26,5711851
2025-09-08,130.53,134.79,130.16,131.45,26650648
2025-09-09,131.45,131.6,129.11,129.45,6939950
2025-09-10,130.0,131.55,129.23,129.72,4651804
2025-09-11,130.0,132.63,129.27,131.82,8098228
2025-09-12,132.0,133.0,131.31,132.26,4655442
2025-09-15,132.01,133.45,131.52,132.79,6555662
2025-09-16,132.79,133.8,132.15,132.94,4986436
2025-09-17,133.05,134.3,131.5,132.75,5930567
2025-09-18,132.99,133.79,131.44,133.18,6394911
2025-09-19,133.18,136.63,133.0,136.2,34447974
2025-09-22,135.11,138.24,134.83,135.49,11023917
2025-09-23,135.49,137.75,134.9,137.3,10743591
2025-09-24,136.6,138.75,135.95,136.34,14644870
2025-09-25,136.4,138.62,135.67,136.52,8887697
2025-09-26,136.52,136.9,130.4,131.02,9029952
2025-09-29,131.4,133.95,131.26,131.71,6598940
2025-09-30,132.29,135.28,131.93,134.48,10087746
2025-10-01,134.48,136.75,132.75,134.92,19829958
2025-10-03,135.03,137.9,134.74,134.96,16097900
2025-10-06,135.65,136.5,131.56,132.62,31643657
2025-10-07,133.0,134.33,131.31,132.88,18395982
2025-10-08,132.78,133.0,130.1,131.72,20062802
2025-10-09,132.0,137.0,131.61,136.46,41930005
2025-10-10,136.5,136.5,131.47,132.17,21483357
2025-10-13,131.5,133.32,128.81,132.51,18513844
2025-10-14,132.94,134.2,128.0,128.77,13838918
2025-10-15,129.0,131.67,128.39,130.29,11279798
2025-10-16,130.9,132.93,129.08,131.38,15763529
2025-10-17,131.38,132.16,128.02,128.68,13063892
2025-10-20,129.6,130.5,127.74,129.84,8776091
2025-10-21,130.55,130.69,129.5,129.95,1955418
2025-10-23,130.8,131.25,128.9,129.34,8311038
2025-10-24,129.71,131.88,129.11,129.46,14135916
2025-10-27,130.5,130.95,129.01,129.9,12660595
2025-10-28,129.91,133.15,129.5,132.16,54886107
2025-10-29,133.37,143.27,133.2,140.55,143438521
2025-10-30,138.7,139.7,135.5,137.05,31586710
2025-10-31,137.2,138.2,135.0,136.85,27662647
2025-11-03,136.79,140.94,135.8,137.97,22226547
2025-11-04,138.25,140.77,136.39,138.18,29013280
2025-11-06,138.0,139.69,136.0,137.91,18170970
2025-11-07,136.49,141.98,134.66,141.0,32646925
2025-11-10,141.0,145.82,141.0,144.34,41386043
2025-11-11,144.27,145.25,141.65,144.4,19224266
2025-11-12,145.04,145.28,142.8,143.49,14977228
2025-11-13,144.25,145.9,143.0,144.72,24530062
2025-11-14,144.15,145.0,141.33,141.99,13373663
2025-11-17,142.0,143.1,140.2,141.33,8529282
2025-11-18,140.61,140.87,137.18,138.9,16189299
2025-11-19,138.7,140.99,138.28,139.99,10782966
2025-11-20,139.8,140.61,137.8,138.19,9904118
2025-11-21,137.89,138.78,132.8,134.08,11154148
2025-11-24,134.0,134.51,131.7,132.08,12377263
2025-11-25,132.25,133.68,131.1,132.25,37889153
2025-11-26,133.85,138.3,133.71,136.92,37106654
2025-11-27,137.8,139.65,135.82,136.21,15805364
2025-11-28,136.79,137.29,134.49,134.91,12338284
2025-12-01,135.91,136.8,134.53,135.05,10957771
2025-12-02,135.05,135.12,131.24,132.46,11909464
2025-12-03,132.46,133.6,130.29,131.92,15579248
2025-12-04,132.0,134.3,131.66,132.14,13313343
2025-12-05,132.2,133.2,130.66,132.54,6506989
2025-12-08,132.54,132.8,128.63,129.75,11987614
2025-12-09,129.0,129.92,126.8,129.15,11367505
2025-12-10,128.5,130.32,127.72,128.52,8907207
2025-12-11,128.99,130.0,128.41,129.54,6218056
2025-12-12,130.5,132.6,130.4,131.9,11049524
2025-12-15,131.65,132.5,130.5,132.31,8285011
2025-12-16,131.7,131.9,128.3,129.68,12843983
2025-12-17,129.35,130.48,129.03,130.2,8436068
2025-12-18,129.8,130.49,126.78,127.27,11582737
2025-12-19,127.39,127.74,124.0,125.91,21222260
2025-12-22,126.7,131.39,126.45,130.06,18396794
2025-12-23,130.65,133.92,129.91,132.71,14054101
2025-12-24,133.5,134.3,131.0,131.85,10990662
2025-12-26,131.0,132.78,130.6,132.32,7733641
2025-12-29,132.9,138.8,132.9,134.09,44684863
2025-12-30,134.09,141.8,133.54,141.02,41245044
2025-12-31,145.1,149.19,143.8,146.99,68661714
2026-01-01,147.1,149.47,145.46,148.45,22828687
2026-01-02,148.6,148.9,146.9,147.47,12703746
2026-01-05,147.4,151.25,146.36,150.85,25349187
2026-01-06,152.1,152.8,146.0,146.44,27791120
2026-01-07,146.39,150.85,146.31,150.37,16707388
2026-01-08,151.0,151.43,143.25,146.46,21794398
2026-01-09,146.0,147.4,143.71,145.67,14766805
2026-01-12,145.67,149.7,143.64,149.22,21341282
2026-01-13,149.25,150.36,146.51,147.76,11414470
2026-01-14,147.76,152.65,147.21,152.44,26571101
2026-01-16,152.45,153.12,148.55,149.37,16896403
2026-01-19,149.0,150.21,147.68,149.7,9393373
2026-01-20,150.19,152.22,144.72,145.4,22619361
2026-01-21,145.0,147.9,143.9,146.45,20875315
2026-01-22,148.05,153.9,148.05,151.65,45852758
2026-01-23,152.45,156.5,148.5,149.03,35863744
2026-01-27,150.5,157.0,149.0,155.56,40035179
2026-01-28,157.0,157.45,152.9,155.74,31471571
2026-01-29,156.0,160.0,155.8,157.18,31557755
2026-01-30,154.5,154.5,147.75,151.13,33012904
2026-02-01,148.0,154.66,141.86,148.63,31784997
2026-02-02,148.1,149.9,141.3,148.67,38552721
2026-02-03,154.5,156.05,149.04,154.36,32031454
2026-02-04,154.95,158.2,154.11,157.29,20559103
2026-02-05,155.9,160.0,152.29,158.5,22567786
2026-02-06,158.0,161.3,156.49,160.52,29587522
2026-02-09,161.05,161.9,157.17,158.38,22102148
2026-02-10,158.49,161.48,156.22,160.99,28657528
2026-02-11,161.0,162.9,160.37,162.12,15729412
2026-02-12,162.12,163.0,159.33,160.35,11007640
2026-02-13,157.8,161.3,155.0,159.28,19899685
2026-02-16,158.0,160.14,157.25,159.58,8429730
2026-02-17,158.8,158.84,153.84,157.27,15671137
2026-02-18,157.51,160.89,157.31,159.21,14036849
2026-02-19,160.5,161.74,154.87,155.8,13791140
2026-02-20,155.9,160.1,155.32,158.75,14376451
2026-02-23,159.4,159.7,155.25,156.68,15614066
2026-02-24,156.7,160.68,152.05,160.18,47145393
2026-02-25,161.55,167.2,160.85,164.93,64790496
2026-02-26,165.0,165.9,162.86,165.51,20505687
2026-02-27,164.75,167.99,164.0,165.71,28020533
2026-03-02,158.99,168.21,158.8,165.59,21848406
2026-03-04,161.42,161.42,152.4,155.62,36418465
2026-03-05,156.1,160.2,154.31,156.15,20616217
2026-03-06,155.4,157.6,153.51,154.94,12234478
2026-03-09,150.99,151.19,144.8,149.52,17043925
2026-03-10,152.05,153.45,148.37,149.84,11722822
2026-03-11,150.82,155.34,150.82,153.88,13160960
2026-03-12,153.01,154.2,149.6,153.65,9824998
2026-03-13,152.26,154.25,144.25,149.89,24157379
2026-03-16,148.97,150.13,143.27,144.69,16060150
2026-03-17,145.19,153.99,144.5,153.53,27048278
2026-03-18,152.8,156.09,151.65,154.42,20171195
2026-03-19,152.0,155.41,151.0,152.55,14841772
2026-03-20,153.11,158.54,153.11,155.52,25811397
2026-03-23,153.04,154.0,142.26,143.04,21470572
2026-03-24,146.46,147.5,143.3,145.73,17464379
2026-03-25,147.99,152.34,145.95,151.71,22905688
2026-03-27,150.1,152.07,145.9,146.47,27097799
2026-03-30,146.2,156.6,145.01,151.42,70851364
2026-04-01,155.6,158.0,153.1,155.82,38264128
2026-04-02,154.0,156.19,150.28,155.16,28426617
2026-04-06,153.9,161.28,151.32,160.44,27838073
2026-04-07,159.42,161.69,158.22,160.62,21021523
2026-04-08,164.95,169.0,162.41,164.41,34940851
2026-04-09,164.41,168.71,162.21,163.35,21954699
2026-04-10,165.0,166.8,162.66,166.02,15081386
2026-04-13,162.78,171.5,160.75,167.88,29116175
2026-04-15,170.0,171.1,165.88,166.95,25814344
2026-04-16,167.67,172.07,166.61,171.32,30877678
2026-04-17,172.0,174.99,170.41,173.33,24677974
2026-04-20,173.4,174.05,170.3,172.71,17825908
2026-04-21,174.4,177.68,174.0,175.06,27069051
2026-04-22,175.3,178.46,174.76,176.23,20405858
2026-04-23,174.71,178.09,173.8,176.45,18802890
2026-04-24,176.5,179.07,176.0,178.46,18292305
2026-04-27,179.96,185.32,179.5,184.2,46111040
2026-04-28,184.2,189.1,183.91,185.63,26454300
2026-04-29,187.0,187.3,181.54,186.16,25568031
2026-04-30,184.98,185.4,179.7,184.62,30459594
2026-05-04,185.25,187.82,184.28,186.15,19546889
2026-05-05,185.8,188.83,185.02,187.31,15578841
2026-05-06,189.0,190.5,184.71,186.04,13017351
2026-05-07,186.25,190.25,185.9,187.28,16281234
2026-05-08,187.0,187.7,184.15,184.88,9202608
2026-05-11,182.89,184.87,179.91,180.72,33196633
2026-05-12,179.9,180.9,175.16,176.09,17088771
2026-05-13,176.31,202.35,176.31,201.31,173466903
2026-05-14,203.0,209.7,198.55,199.08,50058182
2026-05-15,199.99,200.24,191.55,192.4,24155534
2026-05-18,192.0,195.0,188.21,192.73,44414796
2026-05-19,192.0,200.29,191.25,199.05,43235882
2026-05-20,197.0,199.8,194.3,199.04,21709606
2026-05-21,200.06,202.0,195.55,196.53,22316399
2026-05-22,197.0,202.16,195.6,201.21,26032718
2026-05-25,202.4,203.32,196.11,198.32,22355175
2026-05-26,198.35,205.0,198.35,203.84,35728025
2026-05-27,205.99,208.45,203.82,206.06,35333674
2026-05-29,206.3,207.5,203.17,204.37,19770515
2026-06-01,205.2,206.25,202.25,203.69,18107952
2026-06-02,203.41,206.6,202.62,205.85,16404349
2026-06-03,206.69,206.9,200.71,203.87,10280547
2026-06-04,203.4,205.5,195.77,197.31,38406537
2026-06-05,197.5,198.2,188.25,190.56,20088924
2026-06-08,187.37,187.96,182.51,183.78,25903021
2026-06-09,186.0,187.45,184.31,185.99,18783847
2026-06-10,186.0,186.77,180.89,181.72,10702500
2026-06-11,179.97,183.04,178.71,181.36,14061909
2026-06-12,184.9,185.82,180.35,184.09,10126753
2026-06-15,185.95,187.87,181.96,182.51,15561828
2026-06-16,182.5,183.41,179.12,180.99,20743356
2026-06-17,181.79,182.7,177.67,179.58,15721175
2026-06-18,179.9,184.0,179.47,182.16,11869764
2026-06-19,181.4,183.86,178.33,180.05,20204155
2026-06-22,180.1,180.79,172.35,174.85,26161924
2026-06-23,174.4,174.4,167.84,169.18,19652451
2026-06-24,168.51,174.32,165.36,171.42,15287405
2026-06-25,170.72,172.18,169.43,170.79,11464399
2026-06-29,170.79,176.89,170.4,175.23,53065147
2026-06-30,174.5,175.4,171.34,173.49,14838040
2026-07-01,173.36,173.36,166.31,168.27,18693148
2026-07-02,168.0,169.99,166.0,168.12,23051079
2026-07-03,171.0,172.86,168.15,169.88,17112122
2026-07-06,169.64,170.92,167.81,169.23,12787594
2026-07-07,168.48,168.49,164.5,165.66,8475984
2026-07-08,163.95,165.87,161.33,162.02,10917922
2026-07-09,162.5,167.5,161.72,165.9,11731829
2026-07-10,168.08,172.27,167.15,167.95,12023050
2026-07-13,166.2,167.64,163.71,167.01,10301179
2026-07-14,166.08,168.75,165.55,166.45,11647636
2026-07-15,167.01,168.29,163.8,164.64,9947032
2026-07-16,165.25,166.4,162.98,163.63,9419051
2026-07-17,163.7,164.35,160.5,163.04,14464071
2026-07-20,162.9,165.33,162.14,162.64,8871859
2026-07-21,163.0,164.96,162.65,164.07,9270449
2026-07-22,164.35,166.19,160.92,161.98,11621931
2026-07-23,162.1,162.49,159.26,160.91,10376861
2026-07-24,160.25,162.8,158.01,161.45,8938065
2026-07-27,162.9,166.5,162.1,162.62,13672214
2026-07-28,162.62,167.3,160.02,165.85,22209978
2026-07-29,165.86,175.9,165.86,170.96,45760047
2026-07-30,170.7,171.36,167.6,169.05,11779692
2026-07-31,169.66,171.85,167.97,169.03,15525081
2026-08-03,170.6,172.7,165.0,165.0,12154369
2026-08-04,168.25,174.15,168.02,173.55,25348224
